"PVE","PC","cumPVE"
95.8239731292996,1,95.8239731292996
3.62268383282043,2,99.44665696212
0.553343037879996,3,100
