"PVE","PC","cumPVE"
95.8061877073529,1,95.8061877073529
3.49877621367619,2,99.3049639210291
0.695036078970929,3,100
