"PVE","PC","cumPVE"
96.5097501512056,1,96.5097501512056
3.13614409502262,2,99.6458942462282
0.354105753771805,3,100
