"PVE","PC","cumPVE"
97.0742607356056,1,97.0742607356056
2.57576257283752,2,99.6500233084431
0.349976691556897,3,100
