"PVE","PC","cumPVE"
95.1919750948797,1,95.1919750948797
4.70191446647467,2,99.8938895613544
0.106110438645594,3,100
